{
  "IcoMoonType": "selection",
  "icons": [
    {
      "icon": {
        "paths": [
          "M1024 512c0 141.384-57.307 269.384-149.96 362.040-92.656 92.653-220.656 149.96-362.040 149.96s-269.384-57.307-362.039-149.96c-92.654-92.656-149.961-220.656-149.961-362.040s57.307-269.384 149.961-362.039c92.655-92.654 220.655-149.961 362.039-149.961s269.384 57.307 362.040 149.961c92.653 92.655 149.96 220.655 149.96 362.039z"
        ],
        "attrs": [
          {
            "fill": "rgb(255, 255, 255)",
            "opacity": 0.10000000149011612
          }
        ],
        "isMulticolor": false,
        "isMulticolor2": false,
        "grid": 0,
        "tags": [
          "footer-icon-bg"
        ]
      },
      "attrs": [
        {
          "fill": "rgb(255, 255, 255)",
          "opacity": 0.10000000149011612
        }
      ],
      "properties": {
        "order": 14,
        "id": 0,
        "name": "footer-icon-bg",
        "prevSize": 32
      },
      "setIdx": 0,
      "setId": 3,
      "iconIdx": 0
    }
  ],
  "height": 1024,
  "preferences": {
    "showGlyphs": true,
    "showQuickUse": true,
    "showQuickUse2": true,
    "showSVGs": true,
    "fontPref": {
      "prefix": "icon-",
      "metadata": {
        "fontFamily": "icomoon"
      },
      "metrics": {
        "emSize": 1024,
        "baseline": 6.25,
        "whitespace": 50
      },
      "embed": false
    },
    "imagePref": {
      "prefix": "icon-",
      "png": true,
      "useClassSelector": true,
      "color": 0,
      "bgColor": 16777215,
      "classSelector": ".icon",
      "name": "icomoon"
    },
    "historySize": 50,
    "showCodes": true,
    "gridSize": 16
  }
}